frase,autor
É fácil amar os que estão longe. Mas nem sempre é fácil amar os que vivem ao nosso lado.,Madre Teresa de Calcutá
"Diplomas, títulos, PhDs! A natureza, ao fazer um ser humano competente, por acaso consulta faculdades?",Millôr Fernandes
Quem mata o tempo não é um assassino. É um suicida.,Millôr Fernandes
"Temos de ir à procura das pessoas, porque podem ter fome de pão ou de amizade.",Madre Teresa de Calcutá
"Disfarçamos nosso abandono com frases ousadas e sem verdade alguma. O que a gente gostaria de dizer, mesmo, é: me dê sua mão.",Martha Medeiros
Lágrimas não são argumentos.,Machado de Assis
"Quero estar onde minha sombra estiver, se lá é que estiverem os teus olhos.",José Saramago
Liberdade é o direito de fazer tudo o que as leis permitem.,Barão de Montesquieu
Espera de teu filho o que fizeste com teu pai,Tales de Mileto
"Frases! Frases! Como se o conforto de todos, diante de um fato que não se explica, diante de um mal que nos consome, não fosse encontrar uma palavra que não diz nada e na qual nos tranquilizamos!",Luigi Pirandello
"A confiança é ato de fé, e esta dispensa raciocínio.",Carlos Drummond de Andrade
"A liberdade é um dos dons mais preciosos que o céu deu aos homens. Nada a iguala, nem os tesouros que a terra encerra no seu seio, nem os que o mar guarda nos seus abismos. Pela liberdade, tanto quanto pela honra, pode e deve aventurar-se a nossa vida.",Miguel de Cervantes
Quem julga as pessoas não tem tempo para amá-las.,Madre Teresa de Calcutá
"O amor, porém, é contagioso, com especialidade na solidão, onde a alma tem necessidade de uma companheira, e quando de todo não a encontra, divide-se ela própria para ser duas: uma, esperança; outra, saudade.",José de Alencar
"Quando as longas conversastransformam em diálogos de apenas duas frases,é o silêncio por completo que se aproxima...",Augusto Branco
Esta é a verdade: a vida começa quando a gente compreende que ela não dura muito.,Millôr Fernandes
Está morto: podemos elogiá-lo à vontade.,Machado de Assis
"Se você agir sempre com dignidade, pode não melhorar o mundo, mas uma coisa é certa: haverá na Terra um canalha a menos.",Millôr Fernandes
A vida é cheia de obrigações que a gente cumpre por mais vontade que tenha de as infringir deslavadamente.,Machado de Assis
"A pior das loucuras é, sem dúvida, pretender ser sensato num mundo de doidos.",Erasmo de Roterdã
As dificuldades são o aço estrutural que entra na construção do caráter.,Carlos Drummond de Andrade
Não há dor que o sono não consiga vencer.,Honoré de Balzac
Quando todo mundo quer saber é porque ninguém tem nada com isso.,Millôr
O que o dinheiro faz por nós não é nada em comparação com o que a gente faz por ele.,Millôr Fernandes
Quem acredita levianamente tem um coração leviano.,José Saramago
"As palavras de amizade e conforto podem ser curtas e sucintas, mas o seu eco é infindável.",Madre Teresa de Calcutá
"Necessitamos sempre de ambicionar alguma coisa que, alcançada, não nos torna sem ambição.",Carlos Drummond de Andrade
"O medo é um preconceito dos nervos. E um preconceito, desfaz-se - basta a simples reflexão.",Machado de Assis
"Uma prova de que Deus esteja conosco não é o fato de que não venhamos a cair, mas que nos levantemos depois de cada queda.",Santa Teresa de Ávila
Há duas coisas que ninguém perdoa: nossas vitórias e nossos fracassos,Millôr
Os bons vi sempre passarNo mundo graves tormentos;E para mais me espantarOs maus vi sempre nadarEm mar de contentamentos.,Luís de Camões
"Antes eu só engolia palavras,agora engulo expressões,daqui a pouco estarei a engolir frases inteiras,até o momento em que não escreverei mais sequer uma vírgula...",Augusto Branco
Não levante a espada sobre a cabeça de quem te pediu perdão.,Machado de Assis
"O desejo do homem é pela mulher, mas o desejo da mulher é pelo desejo do homem.",Madame de Staël
"Há certo gosto em pensar sozinho. É ato individual, como nascer e morrer.",Carlos Drummond de Andrade
O dinheiro não dá felicidade. Mas paga tudo o que ela gasta.,Millôr
As pessoas se transformam em máquinas de fazer de dinheiro ou que tentam fazer dinheiro.,José Saramago
"A injustiça que se faz a um, é uma ameaça que se faz a todos.",Barão de Montesquieu
O fraco rei faz fraca a forte gente.,Luís de Camões
"Dizem que o Governo, depois de proibir ao cidadão comum usar armas, vai proibir ao Exército possuir armas de uso exclusivo dos traficantes.",Millôr Fernandes
"Quando eu me pergunto quem sou eu, sou o que pergunta ou o que não sabe a resposta?",Geraldo Eustáquio de Souza
Este mundo só é chato em duas ocasiões: na guerra e na paz.,Millôr Fernandes
A amizade é um meio de nos isolarmos da humanidade cultivando algumas pessoas.,Carlos Drummond de Andrade
Ser feliz sem motivo é a mais autêntica forma de felicidade.,Carlos Drummond de Andrade
O futebol é o ópio do povo e o narcotráfico da mídia.,Millôr Fernandes
Quem se curva diante dos opressores mostra o traseiro para os oprimidos,Millôr Fernandes
"Os nossos amigos poderão não saber muitas coisas, mas sabem sempre o que fariam no nosso lugar.",Millôr
"Quem afirma que não é feliz, poderia sê-lo com a felicidade do próximo, se a inveja lhe não tirasse esse último recurso.",Jean de la Bruyere
Todas as coisas me são lícitas; mas nem todas convêm.,Paulo de Tarso
Quem perde seus bens perde muito; quem perde um amigo perde mais; mas quem perde a coragem perde tudo.,Miguel de Cervantes
"Tal como o espaço vazio numa pintura, o tempo em que nada acontece tem seu propósito.",De Bono
"DialéticaÉ claro que a vida é boa E a alegria, a única indizível emoção É claro que te acho linda Em ti bendigo o amor das coisas simples É claro que te amo E tenho tudo para ser feliz Mas acontece que eu sou triste...",Vinicius de Moraes
"Botas...as botas apertadas são uma das maiores venturas da terra, porque, fazendo doer os pés, dão azo ao prazer de as descalçar.",Machado de Assis
"Comece fazendo o que é necessário, depois o que é possível, e de repente você estará fazendo o impossível.",São Francisco de Assis
"Há homens que devem à esposa tudo o que são, mas em geral, os homens devem à esposa tudo o que devem.",Millôr
"Quando um técnico vai tratar com imbecis, deve levar um imbecil como técnico.",Millôr Fernandes
"O tempo não existe, só existe o passar do tempo.",Millôr Fernandes
Não poucas vezes esbarramos com o nosso destino pelos caminhos que escolhemos para fugir dele.,Jean de La Fontaine
"Venham enfim as altas alegrias,As ardentes auroras, as noites calmas,Venha a paz desejada, as harmonias,E o resgate do fruto, e a flor das almas.Que venham, meu amor, porque estes diasSão de morte cansada,De raiva e agoniasE nada.",José Saramago
"É imoral pretender que uma coisa desejada se realize magicamente, simplesmente porque a desejamos. Só é moral o desejo acompanhado da severa vontade de prover os meios da sua execução.",José Ortega y Gasset
A educação para o sofrimento evitaria senti-lo com relação a casos que não o merecem.,Carlos Drummond de Andrade
É muito fácil viver com pouco desde que a pessoa não gaste muito para ocultar que tem pouco.,Millôr Fernandes
"Não tive filhos, não transmiti a nenhuma criatura o legado de nossa miséria.",Machado de Assis
"Mesmo que a rota da minha vida me conduza a uma estrela, nem por isso fui dispensado de percorrer os caminhos do mundo.",José Saramago
Na poça da ruao vira-latalambe a lua,Millôr Fernandes
"Há um tempo em que é preciso abandonar as roupas usadas, que já tem a forma do nosso corpo, e esquecer os nossos caminhos, que nos levam sempre aos mesmos lugares. É o tempo da travessia: e, se não ousarmos fazê-la, teremos ficado, para sempre, à margem de nós mesmos.",Fernando Teixeira de Andrade
O pior não é morrer. É não poder espantar as moscas.,Millôr
"Com muita sabedoria, estudando muito, pensando muito, procurando compreender tudo e todos, um homem consegue, depois de mais ou menos quarenta anos de vida, aprender a ficar calado.",Millôr Fernandes
"A morte tem um sabor a terra. E a angústia, um sabor a fel.",José Gorostiza
Para obter êxito no mundo temos de parecer loucos mas sermos espertos.,Barão de Montesquieu
"Bom dia, amigoQue a paz seja contigoEu vim somente dizerQue eu te amo tantoQue vou morrerAmigo... adeus",Vinicius de Moraes
"Anatomia é uma coisa que os homens também têm, mas que, nas mulheres, fica muito melhor.",Millôr Fernandes
O amor é a única paixão que não admite nem passado nem futuro.,Honoré de Balzac
A vida sem luta é um mar morto no centro do organismo universal.,Machado de Assis
O mal de se tratar um inferior como igual é que ele logo se julga superior,Millôr
No adultério há pelo menos três pessoas que se enganam.,Carlos Drummond de Andrade
Como são admiráveis as pessoas que nós não conhecemos bem.,Millôr Fernandes
"O importante não é o que se dá, mas o amor com que se dá.",Madre Teresa de Calcutá
"Não tenhamos pressa, mas não percamos tempo.",José Saramago
O coração das mães é um abismo no fundo do qual se encontra sempre um perdão.,Honoré de Balzac
"A inveja vê sempre tudo com lentes de aumento que transformam pequenas coisas em grandiosas, anões em gigantes, indícios em certezas.",Miguel de Cervantes
na imensa descidaa cataratase suicida,Millôr Fernandes
"Creia em si, mas não duvide sempre dos outros.",Machado de Assis
"O talento ou acaso não escolhem, para manisfestar-se, nem dias nem lugares.",José Saramago
"Eu quero ser o símbolo de algo, isso é o que acho que é vencer, quer dizer que você significou alguma coisa. Até onde eu sei Marilyn Monroe conquistou o mundo... ela significou algo.",Madonna
Viver é desenhar sem borracha.,Millôr
Os clássicos mudam muito de opinião para agradar os que os interpretam.,Millôr Fernandes
"Arranca metade do meu corpo, do meu coração, dos meus sonhos. Tira um pedaço de mim, qualquer coisa que me desfaça. Me recria, porque eu não suporto mais pertencer a tudo, mas não caber em lugar algum.",José Saramago
"Nunca devemos julgar as pessoas que amamos. O amor que não é cego, não é amor.",Honoré de Balzac
"Quando os eruditos descobriram a língua, ela já estava completamente pronta pelo povo. Os eruditos tiveram apenas que proibir o povo de falar errado",Millôr Fernandes
Você pode evitar descendentes. Mas não há nenhuma pílula para evitar certos antepassados.,Millôr Fernandes
Políticos e fraldas devem ser trocados de tempos em tempos pelo mesmo motivo.,Eça de Queirós
O fim da esperança é o começo da morte.,Charles de Gaulle
"Se as paixões aconselham por vezes mais ousadamente do que a reflexão, isso deve-se a que elas dão mais força para executar.",Luc de Clapiers Vauvenargues
O uísque é o melhor amigo do homem: é um cachorro engarrafado.,Vinicius de Moraes
"Quanto menos os homens pensam, mais eles falam.",Barão de Montesquieu
"Os lugares-comuns, as frases feitas, os bordões, os narizes-de-cera, as sentenças de almanaque, os rifões e provérbios, tudo pode aparecer como novidade, a questão está só em saber manejar adequadamente as palavras que estejam antes e depois.",José Saramago
"É tão natural destruir o que não se pode possuir, negar o que não se compreende, insultar o que se inveja.",Honoré de Balzac
"Deus, para a felicidade do homem, inventou a fé e o amor. O Diabo, invejoso, fez o homem confundir fé com religião e amor com casamento.",Machado de Assis
"Amai, porque nada melhor para a saúde que um amor correspondido.",Vinicius de Moraes
"Se todos os homens recebessem exatamente o que merecem, ia sobrar muito dinheiro no mundo.",Millôr Fernandes
"A vida é a arte do encontro, embora haja tanto desencontro pela vida.",Vinicius de Moraes
"Numa vida média de 50 anos, 80 a 100 dias são empregados pelos homens só no ato de fazer a barba. Ignora-se o que as mulheres fazem com esse tempo.",Millôr
Acreditar que não acreditamos em nada é crer na crença do descrer.,Millôr
Amor e desejo são coisas diferentes. Nem tudo o que se ama se deseja e nem tudo o que se deseja se ama.,Miguel de Cervantes
"Com pesos dúvidos me sujeito à balança até hoje recusada de saber o que mais vale:Se julgar, assistir ou ser julgado.Ponho no prato raso quanto sou.",José Saramago
"Uma palavra grosseira, uma expressão bizarra, ensinou-me por vezes mais do que dez belas frases.",Denis Diderot
"O amor é uma fonte inesgotável de reflexão, profunda como a eternidade, alta como o céu, vasta como o universo.",Alfred de Vigny
Não se pode ir longe na amizade sem se estar disposto a perdoar os pequenos defeitos um ao outro.,Jean de la Bruyere
"A propósito, não resistiremos a recordar que a morte, por si mesma, sozinha, sem qualquer ajuda externa, sempre matou muito menos que o homem.",José Saramago
"Química Sublimemos, amor. Assim as flores No jardim não morreram se o perfume No cristal da essência se defende. Passemos nós as provas, os ardores: Não caldeiam instintos sem o lume Nem o secreto aroma que rescende.",José Saramago
Eu não sou homem que recuse elogios. Amo-os; eles fazem bem à alma e até ao corpo. As melhores digestões da minha vida são as dos jantares em que sou brindado.,Machado de Assis
"Democracia é quando eu mando em você, ditadura é quando você manda em mim.",Millôr
"Se não formos capazes de viver inteiramente como pessoas, ao menos façamos tudo para não viver inteiramente como animais.",José Saramago
Aprenda como se você fosse viver para sempre. Viva como se você fosse morrer amanhã.,Santo Isidoro de Sevilha
"A minha vontade é forte, porém minha disposição de obedecer-lhe é fraca.",Carlos Drummond de Andrade
"Se durar muito tempo, a popularidade acaba tornando a pessoa impopular",Millôr
A Academia Brasileira de Letras se compõe de 39 membros e 1 morto rotativo...,Millôr
A morte parece menos terrível quando se está cansado.,Simone de Beauvoir
O mundo é grande e cabe nesta janela sobre o mar. O mar é grande e cabe na cama e no colchão de amar. O amor é grande e cabe no breve espaço de beijar.,Carlos Drummond de Andrade
"Esquecer é uma necessidade. A vida é uma lousa, em que o destino, para escrever um novo caso, precisa de apagar o caso escrito.",Machado de Assis
O aumento da canalhice é o resultado da má distribuição de renda,Millôr
O amor sem esperança não tem outro refúgio senão a morte.,José de Alencar
Arriscamo-nos a perder quando queremos ganhar demais.,Jean de La Fontaine
O dinheiro não é só facilmente dobrável como dobra facilmente qualquer um.,Millôr
A verdade é que a maior parte das pessoas foge de tentações que nem se dão ao trabalho de tentá-las.,Millôr Fernandes
Nos dias quotidianosÉ que se passamOs anos,Millôr Fernandes
"O que dá o verdadeiro sentido ao encontro é a busca, e é preciso andar muito para se alcançar o que está perto.",José Saramago
Não é que com a idade você aprenda muitas coisas; mas você aprende a ocultar melhor o que ignora.,Millôr Fernandes
O mal do mundo é que Deus envelheceu e o Diabo evoluiu.,Millôr Fernandes
"Isso é quem eu souVocê pode gostar, ou nãoVocê pode me amar ou me deixarPorque eu nunca vou parar, não, não, você sabe(Like it or not)",Madonna
"O amor é como a guerra; fácil de começar, e muito difícil de terminar.",Ninon de Lenclos
Morrer é uma coisa que se deve deixar sempre pra depois,Millôr Fernandes
O cara só é sinceramente ateu quando está muito bem de saúde.,Millôr
"A única maneira de liquidar o dragão é cortar-lhe a cabeça, aparar-lhe as unhas não serve de nada.",José Saramago
"É mais fácil ser amante do que marido, pois é mais fácil dizer coisas bonitas de vez em quando do que ser espirituoso dias e anos a fio..",Honoré de Balzac
coisa rara:teu espelhotem minha cara,Millôr Fernandes
A mentira é muita vezes tão involuntária como a respiração.,Machado de Assis
As academias coroam com igual zelo o talento e a ausência dele.,Carlos Drummond de Andrade
Há muitas razões para duvidar e uma só para crer.,Carlos Drummond de Andrade
Um coração feliz é o resultado inevitável de um coração ardente de amor.,Madre Teresa de Calcutá
Antigamente os animais falavam. Hoje escrevem.,Millôr Fernandes
A saudade diminuiu ou fomos nós que envelhecemos?,Millôr Fernandes
A única diferença entre a loucura e a saúde mental é que a primeira é muito mais comum.,Millôr Fernandes
A beleza que seduz poucas vezes coincide com a beleza que faz apaixonar.,José Ortega y Gasset
Não há alegria pública que valha uma boa alegria particular.,Machado de Assis
Há livros escritos para evitar espaços vazios na estante.,Carlos Drummond de Andrade
"Nada é para sempre, dizemos, mas há momentos que parecem ficar suspensos, pairando sobre o fluir inexorável do tempo.",José Saramago
Tenho apenas duas mãos e o sentimento do mundo.,Carlos Drummond de Andrade
O mundo é tão bonito e eu tenho tanta pena de morrer.,José Saramago
O hábito cria a aparência de lei; o progresso não tem inimigo maior que o hábito.,José Martí y Perez
Pode ser difícil encontrar agulha em palheiro. Mas não descalço.,Millôr Fernandes
O homem é o único animal que ri. E é rindo que ele mostra o animal que é,Millôr
"Se podes olhar, vê. Se podes ver, repara.",José Saramago
Uma pitada de poesia é suficiente para perfumar um século inteiro.,José Martí
E convém não esquecer que bitributação é quando arrancam seis vezes o dinheiro do cidadão. Pois o normal já é tributação.,Millôr Fernandes
Suporta-se com paciência a cólica dos outros.,Machado de Assis
EsnobarÉ exigir café fervendoE deixar esfriar.,Millôr Fernandes
A falta de amor é a maior de todas as pobrezas.,Madre Teresa de Calcutá
Quem gosta de escrever cartas para os jornais não deve ter namorada.,Carlos Drummond de Andrade
O melhor movimento feminino ainda é o dos quadris.,Millôr Fernandes
"Quando defendemos os nossos amigos, justificamos a nossa amizade.",Marquês de Maricá
"Há campeões de tudo, inclusive de perda de campeonatos.",Carlos Drummond de Andrade
"Não é a pornografia que é obscena, é a fome que é obscena.",José Saramago
"Pensamentos valem e vivem pela observação exata ou nova, pela reflexão aguda ou profunda; não menos querem a originalidade, a simplicidade e a graça do dizer.",Machado de Assis
A inveja é assim tão magra e pálida porque morde e não come.,Francisco de Quevedo
"Há duas épocas na vida, infância e velhice, em que a felicidade está numa caixa de bombons.",Carlos Drummond de Andrade
"Viva o Brasil
Onde o ano inteiro
É primeiro de abril",Millôr
Certas coisas só são amargas se a gente as engole.,Millôr
"Aprendi a não tentar convencer ninguém. O trabalho de convencer é uma falta de respeito, é uma tentativa de colonização do outro.",José Saramago
"a girafa, calada,lá de cima vê tudoe não diz nada",Millôr Fernandes
"Fisicamente, habitamos um espaço, mas, sentimentalmente, somos habitados por uma memória.",José Saramago
"Nas asas do tempo, a tristeza voa.",Jean de La Fontaine
Um só pirilampoofusca o pisca-piscadas luzes do campo.,Sérgio M. Serra
"Somos todos escritores, só que alguns escrevem e outros não.",José Saramago
"Ser pobre não é crime, mas ajuda muito a chegar lá.",Millôr Fernandes
Frases felizes...Frases encantadas... Ó festa dos ouvidos! Sempre há tolices muito bem ornadas... Como há pacóvios bem vestidos.,Mario Quintana
"There's no one here,there's no one in the crowd.",Madonna
O senhor não daria banho a um leproso nem por um milhão de dólares? Eu também não. Só por amor se pode dar banho a um leproso.,Madre Teresa de Calcutá
"Palavra puxa palavra, uma ideia traz outra, e assim se faz um livro, um governo, ou uma revolução, alguns dizem que assim é que a natureza compôs as suas espécies.",Machado de Assis
Por vezes a palavra representa um modo mais hábil de se calar do que o silêncio.,Simone de Beauvoir
A popularização leva à aceitação superficial sem estudo sério. As pessoas apenas repetem as frases que aprendem no teatro ou na imprensa. Pensam compreender algo da psicanálise porque brincam com seu jargão...,Sigmund Freud
Ninguém nasce mulher: torna-se mulher.,Simone de Beauvoir
"Você acha mesmo que eu sou uma garota materialista? Pois eu não sou. Não preciso de dinheiro, eu preciso de amor.",Madonna
A oportunidade é como ferro: devemos batê-lo enquanto estiver quente.,José Hernandez
O dinheiro não traz felicidade — para quem não sabe o que fazer com ele.,Machado de Assis
A ocasião faz o homem.,José de Alencar
Cada um tem o Cirque du Soleil que merece.,Millôr Fernandes
Pouco se pode esperar de alguém que só se esforça quando tem a certeza de vir a ser recompensado.,José Ortega y Gasset
Às vezes você está discutindo com um imbecil… e ele também.,Millôr Fernandes
"Quando todo o mundo é corcunda, o belo porte torna-se a monstruosidade.",Honoré de Balzac
Imprensa é oposição. O resto é armazém de secos e molhados.,Millôr Fernandes
Aniversário é uma festaPra te lembrarDo que resta.,Millôr Fernandes
Não ter vaidades é a maior de todas.,Millôr Fernandes
"Não é a fome, mas, pelo contrário, a abundância, o excesso de energias, que provocam a guerra.",José Ortega y Gasset
"O que cada um de nós deve fazer em primeiro lugar, pois não temos outro remédio, é respeitar as nossas próprias convicções, não calar, seja onde for, seja como for, conscientes de que isso não muda nada, mas que ao fazê-lo, pelo menos temos a certeza de que não estamos a mudar.",José Saramago
A infelicidade tem isto de bom: faz-nos conhecer os verdadeiros amigos.,Honoré de Balzac
Houve um tempo em que acreditei que eu viveria para sempre. Foi um tempo que rezei a Jesus Cristo.,Madonna
"Não importa quem você é, não importa o que você fez, não importa de onde você veio, você sempre pode mudar, se tornar a melhor versão de si mesmo.",Madonna
Não devemos permitir que alguém saia da nossa presença sem se sentir melhor e mais feliz.,Madre Teresa de Calcutá
"Gostar é provavelmente a melhor maneira de ter, ter deve ser a pior maneira de gostar.",José Saramago
Esqueço o meu mal quando curo o mal dos demais.,José Martí
O ódio tem melhor memória do que o amor.,Honoré de Balzac
"Contento-me com pouco, mas desejo muito.",Miguel de Cervantes
"O importante é a lembrança dos erros, que nos permite não cometer sempre os mesmos. O verdadeiro tesouro do homem é o tesouro dos seus erros, a larga experiência vital decantada por milénios, gota a gota.",José Ortega y Gasset
O caos é uma ordem por decifrar.,José Saramago
"O amor é a poesia dos sentidos. Ou é sublime, ou não existe. Quando existe, existe para sempre e vai crescendo dia a dia.",Honoré de Balzac
A triste certezaDe que hoje estou de posseÉ que a minha calvícieNem ao menos é precoce.,Millôr Fernandes
A arte é um resumo da natureza feito pela imaginação.,Eça de Queirós
"O último refúgio do oprimido é a ironia, e nenhum tirano, por mais violento que seja, escapa a ela. O tirano pode evitar uma fotografia, não pode impedir uma caricatura. A mordaça aumenta a mordacidade.",Millôr Fernandes
Por vezes sentimos que aquilo que fazemos não é senão uma gota de água no mar. Mas o mar seria menor se lhe faltasse uma gota.,Madre Teresa de Calcutá
Ninguém é igual a ninguém. Todo o ser humano é um estranho ímpar.,Carlos Drummond de Andrade
"Como as plantas, a amizade não deve ser muito nem pouco regada.",Carlos Drummond de Andrade
"Só depois que a tecnologia inventou o telefone, o telégrafo, a televisão, a internet, foi que se descobriu que o problema de comunicação mais sério era o de perto.",Millôr Fernandes
O acaso... é um Deus e um diabo ao mesmo tempo.,Machado de Assis
"O peixe, aflito,salta preciso e abocanhao afoito mosquito.",Sérgio M. Serra
"Gostaria, querida, de ser inesperado Como a madrugada amanhecendoà noite E engraçado também, como pato num trem",Millôr Fernandes
[Sobre o Xadrez]Jogo chinês que aumenta a capacidade de jogar xadrez.,Millôr Fernandes
maravilha sem para televisãosó falta não falar,Millôr Fernandes
"Só me dirijo às pessoas capazes de me entender, e essas poderão ler-me sem perigo.",Marquês de Sade
Não é fácil ter paciência diante dos que a têm em excesso.,Carlos Drummond de Andrade
"Quando, afinal, nos acostumamos com uma moda é porque ela já está completamente em decadência.",Millôr Fernandes
Vocês não sabem como é divertido o absoluto ceticismo.  Pode-se brincar com a hipocrisia alheia como quem brinca com a roleta russa com a certeza de que a arma está descarregada.,Millôr Fernandes
há colcha mais duraque a lousada sepultura?,Millôr Fernandes
A alma enruga antes da pele.,Millôr Fernandes
"Toda lei é boa, desde que seja usada legalmente.",Millôr Fernandes
Querer ser livre é também querer livres os outros.,Simone de Beauvoir
"Tenho fé no amor, com ele vencerei o impossível.",José de Alencar
O cofre do banco contém apenas dinheiro; frusta-se quem pensar que lá encontrará riqueza.,Carlos Drummond de Andrade
A diferença entre a galinha e o político é que o político cacareja e não bota o ovo.,Millôr Fernandes
Frases compostasno sol que passeiasob minha caneta.,Jocelyne Villeneuve
O homem é o homem e suas circunstâncias.,José Ortega y Gasset
Está bem que você acredite em Deus. Mas vai armado,Millôr Fernandes
A mulher que quer rejeitar responde apenas não. A mulher que explica quer que a convençam.,Alfred de Musset
Algumas pessoas matam. As outras pessoas se satisfazem lendo a notícia dos assassinatos.,Millôr Fernandes
o cético sábiosorrisó com um lábio,Millôr Fernandes
PARTIDOAgrupamento para defesa abstrata de princípios e elevação positiva de alguns cidadãos.,Carlos Drummond de Andrade
O homem é um animal que adora tanto as novidades que se o rádio fosse inventado depois da televisão haveria uma correria a esse maravilhoso aparelho completamente sem imagem.,Millôr Fernandes
"A igualdade pode ser um direito, mas não há poder sobre a Terra capaz de a tornar um fato.",Honoré de Balzac
"As mentiras sempre foram consideradas instrumentos necessários e legítimos, não somente do ofício do político ou do demagogo, mas também do estadista.",Hannah Arendt (1906-1975)
"Perder tempo em aprender coisas que não interessam, priva-nos de descobrir coisas interessantes.",Carlos Drummond de Andrade
"É tão absurdo dizer que um homem não pode amar a mesma mulher toda a vida, quanto dizer que um violinista precisa de diversos violinos para tocar a mesma música.",Honoré de Balzac
PoéticaDe manhã escureçoDe dia tardoDe tarde anoiteçoDe noite ardo.A oeste a morteContra quem vivoDo sul cativoO este é meu norte.Outros que contemPasso por passo:Eu morro ontemNasço amanhãAndo onde há espaço:– Meu tempo é quando.,Vinicius de Moraes
"Se quiséssemos ser apenas felizes, isso não seria difícil. Mas como queremos ficar mais felizes do que os outros, é difícil, porque achamos os outros mais felizes do que realmente são.",Barão de Montesquieu
"Se queres ser cego, sê-lo-ás.",José Saramago
"Se, de vez em quando, o leite azeda por aí, não tenho nada com isso; a vaca não é minha. Escolham melhor na próxima vez.",Millôr Fernandes
estrela cadenteponto de exclamaçãoquente,Millôr Fernandes
Não nos vemos se não nos saímos de nós.,José Saramago
Eu sinto a nostalgia da imoralidade.,Machado de Assis
Trabalho não mata. Mas vagabundagem nem cansa.,Millôr Fernandes
"Se tens um coração de ferro, bom proveito. O meu, fizeram-no de carne, e sangra todo dia.",José Saramago
Cada segundo que passa é como uma porta que se abre para deixar entrar o que ainda não sucedeu.,José Saramago
"Escrevo sem pensar, tudo o que o meu inconsciente grita. Penso depois: não só para corrigir, mas para justificar o que escrevi.",Mário de Andrade
A humanidade é infeliz por ter feito do trabalho um sacrifício e do amor um pecado,Henrique Jose de Souza
O capitalismo é a exploração do homem pelo homem. O socialismo é o contrário.,Millôr Fernandes
"A verdadeira amizade é aquela que nos permite falar, ao amigo, de todos os seus defeitos e de todas as nossas qualidades.",Millôr
O homem vangloria-se de ter imitado o vôo das aves com uma complicação técnica que elas dispensam.,Carlos Drummond de Andrade
"As pessoas que falam muito, mentem sempre, porque acabam esgotando seu estoque de verdades.",Millôr
O mal de se tratar um inferior como igual é que ele logo se julga superior.,Millôr Fernandes
Há certas mulheres que acabam ficando bonitas de tanto a gente dizer que são.,Millôr
"-Sim! Esqueça tudo, e nem se lembre que já me visse! Seja agora a primeira vez!... Os beijos que lhe guardei ninguém os teve nunca! Esses, acredite, são puros!",José de Alencar
"Há ocasiões que é mil vezes preferível fazer de menos que fazer de mais, entrega-se o assuntto ao governamento da sensibilidade, ela, melhor que a inteligência racional, saberá proceder segundo o que mais convenha à perfeição dos instantes seguintes.",José Saramago
"A diferença fundamental entre Direita e Esquerda é que a Direita acredita cegamente em tudo que lhe ensinaram, e a Esquerda acredita cegamente em tudo que ensina.",Millôr Fernandes
"A vida é assim, está cheia de palavras que não valem a pena, ou que valeram e já não valem, cada uma que ainda formos dizendo tirará o lugar a outra mais merecedora, que o seria não tanto por si mesma, mas pelas consequências de tê-la dito.",José Saramago
"Porque os homens são anjos nascidos sem asas, é o que há de mais bonito, nascer sem asas e fazê-las crescer.",José Saramago
"Não sou nada.Nunca serei nada.Não posso querer ser nada.À parte isso, tenho em mim todos os sonhos do mundo.",Álvaro de Campos
"A leitura é uma fonte inesgotável de prazer mas por incrível que pareça, a quase totalidade, não sente esta sede.",Carlos Drummond de Andrade
Me recusava a acreditar que não seria bem sucedida. Não importava o tempo que fosse levar,Madonna
"Os homens são como as moedas; devemos tomá-los pelo seu valor, seja qual for o seu cunho.",Carlos Drummond de Andrade
As obras-primas devem ter sido geradas por acaso; a produção voluntária não vai além da mediocridade.,Carlos Drummond de Andrade
Todas as nossas palavras serão inúteis se não brotarem do fundo do coração. As palavras que não dão luz aumentam a escuridão.,Madre Teresa de Calcutá
Pais e filhos não foram feitos para ser amigos. Foram feitos para ser pais e filhos.,Millôr Fernandes
Nossa maior tragédia é não saber o que fazer com a vida.,José Saramago
probleminhas terrenos:quem vive maismorre menos?,Millôr Fernandes
Machão não come mel - come abelha.,Millôr Fernandes
A melhor definição de amor não vale um beijo de moça namorada.,Machado de Assis
Chato - Indivíduo que tem mais interesse em nós do que nós temos nele.,Millôr Fernandes
Cada nova geração de computadores desmoraliza as antecedentes e seus criadores.,Carlos Drummond de Andrade
"Não é amigo aquele que alardeia a amizade: é traficante; a amizade sente-se, não se diz...",Machado de Assis
"Um toque simples no amor:Desejo, tesão, paixão...Personalidade, cumplicidade...Pegada, atitude, delírio e seduçãoAgora misture tudo dentro de vocêE deixe extravasar na cama as delícias Do teu prazer.",Hannah Lessa
Especialista é um sujeito que só não ignora uma coisa.,Millôr
"Toda regra tem exceção. E se toda regra tem exceção, então,esta regra também tem exceção e deve haver, perdida por aí,uma regra absolutamente sem exceção.",Millôr Fernandes
"Nunca se pode saber de antemão de que são capazes as pessoas, é preciso esperar, dar tempo ao tempo, o tempo é que manda, o tempo é o parceiro que está a jogar do outro lado da mesa e tem na mão todas as cartas do baralho, a nós compete-nos inventar os encartes com a vida...",José Saramago
Nunca faço planos pro futuroMas ele faz cada um pra mim,Millôr Fernandes
Toda alegria é assim: já vem embrulhada numa tristezinha de papel fino.,Millôr Fernandes
Cada ideologia tem a inquisição que merece.,Millôr Fernandes
O jovem não precisa de razões para viver; precisa só de pretextos.,José Ortega y Gasset
"O problema não é um Deus que não existe, mas a religião que O proclama!",José Saramago
"O remorso é a única dor da alma, que nem a reflexão nem o tempo atenuam.",Madame de Staël
O dinheiro não traz a felicidade. Manda buscar.,Millôr
"O dinheiro não só fala, como faz muita gente calar a boca.",Millôr Fernandes
"Se os seus princípios são rígidos e inabaláveis, você, pessoalmente, já não precisa ser tanto.",Millôr Fernandes
Só a ignorância aceita e a indiferença tolera o reinado da mediocridade.,José de Alencar
"Suportamos tudo isso, por amor dos eleitos.",Padre José de Anchieta
"as nuvens, meu irmão,são leviandadesda criação",Millôr Fernandes
"Três coisas que derrotam os computadores: estrelas no céu, grão de areia na praia, idiotas no mundo.",Millôr Fernandes
Há duas coisas que ninguém perdoa: nossas vitórias e nossos fracassos.,Millôr Fernandes
"Eu acredito no respeito pelas crenças de todas as pessoas, mas gostaria que as crenças de todas as pessoas fossem capazes de respeitar as crenças de todas as pessoas.",José Saramago
"A morte é uma vitória, e quando se viveu bem o caixão é um arco de triunfo.",José Martí
"Depois de bem ajustado o preço, a gente deve sempre trabalhar por amor à arte.",Millôr
O otimista não sabe o que o espera.,Millôr Fernandes
"Passado: É o futuro, usado.",Millôr Fernandes
"O que eu faço é uma gota no meio de um oceano. Mas sem ela, o oceano será menor.",Madre Teresa de Calcutá
"Ainda está por nascer o primeiro ser humano desprovido daquela segunda pele a que chamamos de egoísmo, bem mais dura que a outra, que por qualquer coisa sangra.",José Saramago
Não há outro inferno para o homem além da estupidez ou da maldade dos seus semelhantes.,Marquês de Sade
"Nenhum tempo e nenhum lugar nos agrada tanto como o tempo que não existe, e o lugar em que não estamos.",Marquês de Maricá
Tinha-a eu amado para ter o direito de odiá-la.,José de Alencar
Para você parecer culto é só ficar de olho no que o outro cara ignora.,Millôr Fernandes
"As palavras proferidas pelo coração não tem língua que as articule, retém-nas um nó na garganta e só nos olhos é que se podem ler.",José Saramago
"O espelho e os sonhos são coisas semelhantes, é como a imagem do homem diante de si próprio.",José Saramago
"SEM MARGEM A DÚVIDASSe você ainda mantémA intenção moral-visualDe só encarar homens de bemSegue este meu conselho:Sai da rua,Vai pra casa,Tranca a portaE quebra o espelho.",Millôr Fernandes
"É assim a vida, vai dando com uma mão até que chega o dia em que tira tudo com a outra.",José Saramago
"O difícil não é viver com as pessoas, o difícil é compreendê-las.",José Saramago
o velho coelhosó se reproduzno espelho,Millôr Fernandes
É horrível assistir à agonia de uma esperança.,Simone de Beauvoir
"Civilização é, antes de mais nada, vontade de convivência.",José Ortega y Gasset
"O ódio, tal como o amor, alimenta-se com as menores coisas, tudo lhe cai bem. Assim como a pessoa amada não pode fazer nenhum mal, a pessoa odiada não pode fazer nenhum bem.",Honoré de Balzac
"Quando a gente está cansado, dá uma bruta vontade de dizer que sim.",Millôr
"Todos sabemos que cada dia que nasce é o primeiro para uns e será o último para outros e que, para a maioria, é só um dia mais.",José Saramago
Ontem hoje / E amanhã / O homem o cabelo parte / Parte o cabelo com arte / Até que o cabelo parte.,Millôr Fernandes
"Ninguém sabe o que você ouve, mas todo mundo ouve muito bem o que você fala.",Millôr Fernandes
"Feliz é o que você percebe que era, muito tempo depois",Millôr Fernandes
"O costume de cair endurece o corpo, ter chegado ao chão, só por si, já é um alívio.",José Saramago
"Se ficarmos reparando os defeitos das outras pessoas nunca iremos participar da vida, pois vamos nos contentar com as nossas desculpas.",José Alberto
O dinheiro não traz a felicidade. Manda buscar,Millôr Fernandes
[POEMEU EFEMÉRICO]Viva o BrasilOnde o ano inteiroÉ primeiro de abril,Millôr Fernandes
com pó e mistérioa mulher ao espelhoretoca o adultério,Millôr Fernandes
O cadáver é que é o produto final. Nós somos apenas a matéria-prima.,Millôr Fernandes
As pessoas que falam muito acabam sempre contando coisas que ainda não aconteceram.,Millôr Fernandes
"De todas as taras sexuais, não existe nenhuma mais estranha do que a abstinência.",Millôr
Todos se dizem amigos; mas doido é quem acredita: nada há de mais banal que esse nome; nada é mais raro do que isso.,Jean de La Fontaine
"O que distingue um grande poeta é o fato dele nos dizer algo que ninguém ainda disse, mas que não é novo para nós.",José Ortega y Gasset
Sempre chega a hora em que descobrimos que sabíamos muito mais do que antes julgávamos.,José Saramago
A serra em chuvaSob o sol poente -Como não agradecer?,Paulo Franchetti
Podemos pretender ser quanto queiramos; mas não é lícito fingir que somos o que não somos.,José Ortega y Gasset
"Quando minha escolha é consciente, nenhuma repercussão me assusta. Quando não é, qualquer comentário me balança.",José Eustáquio
nada tem nexotudo é apenasum reflexo,Millôr Fernandes
A educação é o ponto em que decidimos se amamos o mundo o bastante para assumirmos a responsabilidade por ele.,Hannah Arendt (1906-1975)
"Se pronunciavam o teu nome diante de mim, corava e na minha perturbação julgava que tinham lido esse nome nos meus olhos ou dentro de minha alma, onde eu bem sabia que ele estava escrito.",José de Alencar
"Sabemos que VOCÊ, aí de cima, não tem mais como evitar o nascimento e a morte. Mas não pode, pelo menos, melhorar um pouco o intervalo?",Millôr Fernandes
"Muitos homens, como as crianças, querem uma coisa, mas não as suas consequências.",José Ortega y Gasset
Achamos que os padres também devem casar. Não há nenhum motivo para que conservem o privilégio do celibato.,Millôr Fernandes
"Capacidade de saber cada vez mais sobre cada vez menos, até saber tudo sobre nada.",Millôr Fernandes
Entre o riso e a lágrima há apenas o nariz.,Millôr Fernandes
"O mundo está cheio de pessoas que só fazem falar. Mas, quantos entre nós realmente fazemos o que falamos ?",Madonna
"Basta um avião sacudir um pouquinho mais, e logo todos os passageiros ficam parecidos com a foto do passaporte.",Millôr Fernandes
Erudito é um sujeito que tem mais cultura do que cabe nele.,Millôr Fernandes
Sem eu’s nunca existirá nós. O nós é feito de eu’s.,José Eustáquio
Pode-se ter saudades dos tempos bons mas não se deve fugir ao presente.,Michel de Montaigne
Muitas palavras não indicam necessariamente muita sabedoria.,Tales de Mileto
Não existe pensador católico. Não existe pensador marxista. Existe pensador. Preso a nada.,Millôr Fernandes
"Fizemos dos olhos uma espécie de espelhos virados para dentro, com o resultado, muitas vezes, de mostrarem eles sem reserva o que estávamos tratando de negar com a boca.",José Saramago
"Aos ricos, o favor da lei, aos pobres, o rigor da lei.",José Rainha Jr.
"A verdadeira amizade é aquela que nos permite falar, ao amigo, de todos os seus defeitos e de todas as nossas qualidades",Millôr
"É que o perfume denuncia o espírito Que sob as formas feminis palpita... Pois como a salamandra em chamas vive, Entre perfumes a mulher habita.",José de Alencar
"A maior vantagem da comida macrobiótica é que, por mais que você coma, por mais que encha o estômago, está sempre perfeitamente subalimentado.",Millôr Fernandes
O cara só é sinceramente ateu quando está muito bem de saúde,Millôr
"Brasil, condenado à esperança.",Millôr Fernandes
"A leitura é, provavelmente, uma outra maneira de estar em um lugar.",José Saramago
"(...) - Não lhe assustam meus caprichos e eletricidades?-  Se eu os adoro! respondeu Seixas.- Não lhe parece difícil fazer a felicidade de um coração desabusado como este meu, e tão aflingido pela dúvida?- Tenho fé no meu amor; Com ele vencerei o impossível.(...)",José de Alencar
"Nunca soube por que tanta gente teme o futuro.Nunca vi o futuro matar ninguém,Nunca vi o futuro roubar ninguém,Nunca vi nada que tivesse acontecido no futuro.Terrível é o passado ou, pior, o presente!",Millôr Fernandes
A televisão é a maior maravilha da ciência a serviço da imbecilidade humana.,Barão de Itararé
"Se você acha que está maluco é porque não está. Mas, se você acha que todo o mundo está maluco, então está.",Millôr
Colho-te uma florde manhã e extasio-mecom o teu sorriso,José Félix
"Prudência: E devemos sempre deixar bem claro que nenhum de nós, brasileiros, é contra o roubo. Somos apenas contra ser roubados",Millôr Fernandes
Criança é esse ser infeliz que os pais põem para dormir quando ainda está cheio de animação e arrancam da cama quando ainda está estremunhado de sono.,Millôr Fernandes
Com as lágrimas do tempo e a cal do meu dia eu fiz o cimento da minha poesia.,Vinicius de Moraes
"A razão pela qual intolerância, sexismo, racismo, homofobia existem é o medo. As pessoas têm medo de seus próprios sentimentos, medo do desconhecido.",Madonna
"Estranho é que o cérebro, feito essencialmente pra produzir idéias, exulte quando tem uma.",Millôr
Fiquem tranquilos os poderosos que têm medo de nós: nenhum humorista atira pra matar,Millôr
Jamais diga uma mentira que não possa provar.,Millôr
Como são admiráveis as pessoas que nós não conhecemos bem,Millôr
O Código Penal é a causa de todos os crimes!,Millôr Fernandes
Um homem começa a ficar velho quando já prefere andar só do que mal acompanhado.,Millôr Fernandes
"Sim, do mundo nada se leva. Mas é formidável ter uma porção de coisas a que dizer adeus.",Millôr Fernandes
"Se uma imagem vale mais do que mil palavras, então diga isto com uma imagem.",Millôr Fernandes
"Meu destino não passa pelo poder, pela religião, por qualquer uma dessas entidades idiotas. Meu script é original, fui eu quem fiz. Por isso, não morro no fim!",Millôr Fernandes
"Não tenho medo de morrer, talvez não haja o desconhecido, haja um velho amigo.",Millôr Fernandes
"Você está começando a ficar velho quando, depois de passar uma noite fora, tem que passar dois dias dentro.",Millôr Fernandes
"A vida voa na sua cara, esbarra no seu rosto, suja sua vaidade, corrompe suas certezas, e você não pode fazer nada. A não ser lavar o rosto e começar tudo de novo.",Hannah Mayria
O homem é um macaco que não deu certo.,Millôr Fernandes
"Se durar muito tempo, a popularidade acaba tornando a pessoa impopular.",Millôr Fernandes
Há esperanças que é loucura ter. Pois eu digo-te que se não fossem essas já eu teria desistido da vida.,José Saramago
"Se ensinares, ensina ao mesmo tempo a duvidar daquilo que estás a ensinar.",José Ortega y Gasset
"Se isso faz você se sentir bem, então eu digo ""faça isso"". Não sei pelo que você está esperando",Madonna
Tentei não fazer nada na vida que envergonhasse a criança que fui.,José Saramago
"A pobreza não é, necessariamente, vergonhosa. Há muito pobre sem vergonha.",Millôr Fernandes
"Os nossos amigos podem não saber muitas coisas, mas sabem sempre o que fariam no nosso lugar.",Millôr
"O sucesso nasce do querer, da determinação e persistência em se chegar a um objetivo. Mesmo não atingindo o alvo, quem busca e vence obstáculos, no mínimo fará coisas admiráveis.",José de Alencar
O preço da fidelidade é a eterna vigilância.,Millôr Fernandes
"Metade da vida é estragada pelos pais. A outra metade, pelos filhos.",Millôr Fernandes
O cadáver é que é o produto final. Nós somos apenas a matéria prima,Millôr
"Se é gostoso faz logo, amanhã pode ser ilegal.",Millôr Fernandes
"Sim, irmão, o dinheiro não é tudo. Mas o que é que é tudo?",Millôr Fernandes
A liberdade é um cachorro vira-lata.,Millôr Fernandes
tem cautela;ajuda o solcom uma vela,Millôr Fernandes
"Diga-me com quem andas e dir-te-ei [que língua, a nossa!] quem és. Pois é: Judas andava com Cristo. Cristo andava com Judas.",Millôr Fernandes
"Eu tentei ser um garoto, eu tentei ser uma garota, eu tentei ser uma bagunça, eu tentei ser a melhor. Eu acho que fiz tudo errado.",Madonna
"Sem ideias, a evolução humana seria inexplicável.",José Ingenieros
Toda uma biblioteca de Direito apenas para melhorar quase nada os dez mandamentos.,Millôr Fernandes
Uma imagem vale mais do que mil palavras. Vai dizer isto com uma imagem.,Millôr Fernandes
Não sou pessimista. O mundo é que é péssimo.,José Saramago
"Os únicos interessados em mudar o mundo são os pessimistas, porque os otimistas estão encantados com o que há...",José Saramago
O pior casamento é o que dá certo.,Millôr Fernandes
Celebridade é um idiota qualquer que apareceu no Faustão.,Millôr Fernandes
"Inúmeros artistas contemporâneos não são artistas e, olhando bem, nem são contemporâneos.",Millôr
"Em ciência leia sempre os livros mais novos. Em literatura, os mais velhos.",Millôr Fernandes
Um homem que come carne por instinto é tão vegetariano quanto um homem que come vegetais por princípio. Afinal de contas a carne é transubstanciação do capim que o animal comeu.,Millôr Fernandes
"Se se ganha dinheiro, o Cinema é uma indústria. Se se perde, é uma Arte.",Millôr
"DulcineiaQuem tu és não importa, nem conheces O sonho em que nasceu a tua face: Cristal vazio e mudo. Do sangue de Quixote te alimentas, Da alma que nele morre é que recebes A força de seres tudo.",José Saramago
Chama-se celebridade um débil mental que foi à televisão.,Millôr Fernandes
O certo e o errado são apenas modos diferentes de entender nossa relação com os outros.,José Saramago
"De todas as taras sexuais, não existe nenhuma mais estranha do que a abstinência",Millôr
"Por mais imbecil que você seja, sempre haverá um imbecil maior para achar que você não o é.",Millôr
"Em geral, quando a gente encontra um espírito aberto, entra e verifica que está é vazio.",Millôr Fernandes
"(...) Podemos então dizer que somos livres, com a paz e o sorriso de quem se reconhece e viajou à roda do mundo infatigável, porque mordeu a alma até aos... ossos dela. (...) Cada um de nós é por enquanto a vida. Isso nos baste.",José Saramago
A gente só morre uma vez. Mas é para sempre.,Millôr Fernandes
Não devemos resisitir às tentações: elas podem não voltar.,Millôr Fernandes
"Nós, os humoristas, temos bastante importância para ser presos e nenhuma importância para ser soltos.",Millôr Fernandes
"Damos voltas e voltas, mas, na realidade, só há duas coisas: ou escolhes a vida ou afastas-te dela.",José Saramago
"Se todos os homens recebessem exatamente o que merecem, ia sobrar muito dinheiro no mundo",Millôr
é meu conforto:da vida só me tirammorto,Millôr Fernandes
Todo homem nasce original e morre plágio.,Millôr Fernandes
"Por mais violento que seja o argumento contrário, por mais bem formulado, eu tenho sempre uma resposta que fecha a boca de qualquer um: ""Vocês têm toda a razão.""",Millôr Fernandes
Pontual é alguém que resolveu esperar muito.,Millôr
Goze.Quem sabe essaé a última dose?,Millôr Fernandes
É na idade da ambição que se prova a têmpera dos homens.,José de Alencar
"Dentro de nós há uma coisa que não tem nome, essa coisa é o que somos.",José Saramago
"A ocasião em que a inteligência do homem mais cresce, sua bondade alcança limites insuspeitados e seu carácter uma pureza inimaginável é nas primeiras 24 horas depois da sua morte.",Millôr Fernandes
O homem que honra a si mesmo é capaz de ver as virtudes de outro homem.,José Martí
"O elogio é um meio muito usa­do, mas sempre novo, de render homenagem à vaidade alheia.",José de Alencar
"Tentei lhe dizer muitas coisas, mais acabei descobrindo que amar é muito mais sentir do que dizer. E milhões de frases bonitas, jamais alcançariam o que eu sinto por você.",José de Alencar
- Responsabilidade de quê? - A responsabilidade de ter olhos quando os outros perderam.,José Saramago
O poder é o camaleão ao contrário: todos tomam a sua cor.,Millôr Fernandes
"Costuma-se dizer que as paredes têm ouvidos, imagine-se o tamanho que terão as orelhas das estrelas.",José Saramago
Pais e filhos não foram feitos para ser amigos. Foram feitos para ser pais e filhos,Millôr
Fique tranquilo: sempre se pode provar o contrário.,Millôr Fernandes
Nunca esqueça:A vida também perde a cabeça,Millôr Fernandes
Errar é humano. Ser apanhado em flagrante é burrice.,Millôr Fernandes
Natação e Automobilismo:Tenho absoluta incapacidade de admirar um homem apenas porque ele é melhor do que o outro um centésimo de segundo.,Millôr Fernandes
Em geral as pessoas que se perdem em pensamentos é porque não conhecem muito bem esse território.,Millôr Fernandes
A liberdade custa muito caro e temos ou de nos resignarmos a viver sem ela ou de nos decidirmos a pagar o seu preço.,José Martí
"Cada dia traz sua alegria e sua pena, e também sua lição proveitosa.",José Saramago
Chato…Indivíduo que tem mais interesse em nós do que nós temos nele,Millôr
"Olha,Entre um pingo e outroA chuva não molha.",Millôr Fernandes
O que as vitórias têm de mau é que não são definitivas. O que as derrotas têm de bom é que também não são definitivas.,José Saramago
O homem é o único animal que ri e é rindo que ele mostra o animal que realmente é.,Millôr Fernandes
"Se não disseres nada compreenderei melhor [...], há ocasiões em que as palavras não servem de nada.",José Saramago
"Numa vida média de 50 anos, 80 a 100 dias são empregados pelos homens só no ato de fazer a barba.  Ignora-se o que as mulheres fazem com esse tempo.",Millôr Fernandes
O que esse país realmente precisa é que alguém apague a luz no fim do túnel,Millôr Fernandes
O coração tem imbecilidades que a estupidez desconhece.,Millôr Fernandes
"Mas quem não sabe que ternos segredos e confidências recônditas se insinuam muitas vezes em uma pergunta banal, feita por lábios amantes?",José de Alencar
Qualquer idiota consegue ser jovem. (...) É preciso muito talento pra envelhecer.,Millôr Fernandes
"Para temperamentos nostálgicos, em geral quebradiços, pouco flexíveis, viver sozinho é um duríssimo castigo.",José Saramago
"Quando o homem sabe que certa mulher já cedeu a alguém, ele não resiste em verificar se a história se repete.",Millôr Fernandes
Um homem é realmente velho quando só pensa nisso.,Millôr Fernandes
Amar é comprazer-se na perfeição.,José de Alencar
Nada é mais falso do que uma verdade estabelecida.,Millôr Fernandes
Pegamos o telefone que o menino fez com duas caixas de papelão e pedimos uma ligação com a infância.,Millôr Fernandes
"Sir Ney, ao deixar o governo, não deixou pedra sobre pedra, ou só deixou podre sobre podre?",Millôr
"A vida é breve, mas cabe nela muito mais do que somos capazes de viver.",José Saramago
O maior inimigo da autoridade é o desprezo e a maneira mais segura de solapá-la é o riso.,Hannah Arendt (1906-1975)
{...)- Os compromissos rompem-se dum momento para outro.- É exato; Ás vezes ocorrem circunstâncias que desatam as mais solenes obrigações.Mas entre as razões que movem a conciência não se conta o interesse; Ele daria ao arrependimento a feição de uma transação.,José de Alencar
"Se eu estiver a ser sincero hoje, que importa que tenha de arrepender-me amanhã?",José Saramago
"Esnobar
É exigir café fervendo
E deixar esfriar.",Millôr
"De que adianta falar de motivos, às vezes basta um só, às vezes nem juntando todos.",José Saramago
"A pobreza não é, necessariamente, vergonhosa. Há muitos pobres sem vergonha.",Millôr
"o pato, menina,é um animalcom buzina",Millôr Fernandes
"Todo discurso deve ser como o vestido das mulheres; não tão curto, que nos escandalizem, nem tão comprido, que nos entristeçam.",José de Alencar
Ser gênio não é difícil. Difícil é encontrar quem reconheça isso.,Millôr Fernandes
É melhor ser pessimista do que otimista. O pessimista fica feliz quando acerta e quando erra.,Millôr Fernandes
Roube ainda hoje! Amanhã pode ser ilegal.,Millôr
O silêncio ainda é o melhor aplauso.,José Saramago
"Eu sofro de mimfobia, eu tenho medo de mim mesmo e me enfrento todo dia.",Millôr Fernandes
"Quando um chato diz: ""Eu vou embora"", que presença de espírito.",Millôr Fernandes
"A vida, esta vida que inapelavelmente, pétala a pétala,vai desfolhando o tempo, parece, nestes meus dias,ter parado no bem-me-quer …",José Saramago
"Quem não se sentir ofendido com a ofensa feita a outros homens, quem não sentir na face a queimadura da bofetada dada noutra face, seja qual for a sua cor, não é digno de ser homem.",José Martí
"Os nossos amigos poderão não saber muitas coisas, mas sabem sempre o que fariam no nosso lugar",Millôr
Errar é humano. Botar a culpa nos outros também.,Millôr Fernandes
Um Quociente apaixonou-seUm diaDoidamentePor uma Incógnita.,Millôr Fernandes
"Dirão, em som, as coisas que, calados, no silêncio dos olhos confessamos?",José Saramago
"O sândalo é o perfume das mulheres de Estambul, e das huris do profeta; como as borboletas, que se alimentam do mel, a mulher do Oriente vive com as gotas dessa essência divina.",José de Alencar
Ser diplomata é discordar sem ser discordante.,Millôr Fernandes
Só é lutador quem sabe lutar consigo mesmo.,Carlos Drummond de Andrade
Há pessoas que choram por saber que as rosas têm espinho. Há outras que sorriem por saber que os espinhos têm rosas!,Machado de Assis
Gastronomia é comer olhando pro céu.,Millôr Fernandes
A ausência cura o amor.,Miguel de Cervantes
O tambor faz muito barulho mas é vazio por dentro.,Barão de Itararé
pássaro pousadono espantalhoaposentado,Millôr Fernandes
"Cada qual sabe amar a seu modo; o modo, pouco importa; o essencial é que saiba amar.",Machado de Assis
"Escritor: não somente uma certa maneira especial de ver as coisas, senão também uma impossibilidade de as ver de qualquer outra maneira.",Carlos Drummond de Andrade
"Paz na terra aos homens de boa vontade. Isto é, paz para muito poucos.",Millôr
"A todos os que sofrem e estão sós, dai sempre um sorriso de alegria. Não lhes proporciones apenas os vossos cuidados, mas também o vosso coração.",Madre Teresa de Calcutá
O homem começa a morrer na idade em que perde o entusiasmo.,Honoré de Balzac
É porque ninguém gosta de trabalhar que o mundo progride.,Millôr Fernandes
"Nós, os humoristas, temos bastante importância para ser presos e nenhuma importância para ser soltos",Millôr
"Livros e floresTeus olhos são meus livros.Que livro há aí melhor,Em que melhor se leiaA página do amor?Flores me são teus lábios.Onde há mais bela flor, Em que melhor se bebaO bálsamo do amor?",Machado de Assis
Faz parte da natureza das mulheres desprezar quem as ama e amar quem as detesta.,Miguel de Cervantes
"É possível amar e não ser feliz, é possível ser feliz e não amar, mas amar e simultaneamente ser feliz, isso seria milagre.",Honoré de Balzac
Não se ama duas vezes a mesma mulher.,Machado de Assis
Todo o casamento sem amor resulta em amor sem casamento.,Millôr Fernandes
"A moral é uma, os pecados são diferentes.",Machado de Assis
Não há problema tão grande que não caiba no dia seguinte.,Millôr Fernandes
"Que Deus me defenda dos amigos, que dos inimigos me defendo eu.",Jean Hérault de Gourville
Há homens e mulheres que fazem do casamento uma oportunidade de adultério.,Carlos Drummond de Andrade